Ticker,Nome,Razão Social,Setor de Atuação,Segmento
AALR3,Alliança,ALLIANÇA SAÚDE E PARTICIPAÇÕES S.A.,Saúde,Serv.Méd.Hospit..Análises e Diagnósticos
ABCB4,Banco ABC Brasil,BCO ABC BRASIL S.A.,Financeiro,Bancos
ABEV3,Ambev,AMBEV S.A.,Consumo não Cíclico,Cervejas e Refrigerantes
AERI3,Aeris Energy,AERIS IND. E COM. DE EQUIP. GERACAO DE ENERGIA S/A,Bens Industriais,Máq. e Equip. Industriais
AFLT3,Afluente T,AFLUENTE TRANSMISSÃO DE ENERGIA ELÉTRICA S/A,Utilidade Pública,Energia Elétrica
AGRO3,BrasilAgro,BRASILAGRO - CIA BRAS DE PROP AGRICOLAS,Consumo não Cíclico,Agricultura
AGXY3,AgroGalaxy,AGROGALAXY PARTICIPAÇÕES S.A.,Consumo não Cíclico,Agricultura
AHEB3,São Paulo Turismo,SAO PAULO TURISMO S.A.,Consumo Cíclico,Produção de Eventos e Shows
AHEB6,São Paulo Turismo,SAO PAULO TURISMO S.A.,Consumo Cíclico,Produção de Eventos e Shows
ALLD3,Allied,ALLIED TECNOLOGIA S.A.,Consumo Cíclico,Eletrodomésticos
ALOS3,Allos,ALLOS S.A,Financeiro,Exploração de Imóveis
ALPA3,Alpargatas,ALPARGATAS S.A.,Consumo Cíclico,Calçados
ALPA4,Alpargatas,ALPARGATAS S.A.,Consumo Cíclico,Calçados
ALPK3,Estapar,ALLPARK EMPREENDIMENTOS PARTICIPACOES SERVICOS S.A,Bens Industriais,Serviços Diversos
ALUP11,Alupar,ALUPAR INVESTIMENTO S/A,Utilidade Pública,Energia Elétrica
ALUP3,Alupar,ALUPAR INVESTIMENTO S/A,Utilidade Pública,Energia Elétrica
ALUP4,Alupar,ALUPAR INVESTIMENTO S/A,Utilidade Pública,Energia Elétrica
AMAR11,Lojas Marisa,MARISA LOJAS S.A.,Consumo Cíclico,Tecidos. Vestuário e Calçados
AMAR3,Lojas Marisa,MARISA LOJAS S.A.,Consumo Cíclico,Tecidos. Vestuário e Calçados
AMBP3,Ambipar,AMBIPAR PARTICIPACOES E EMPREENDIMENTOS S/A,Utilidade Pública,Água e Saneamento
AMER3,Americanas,AMERICANAS S.A,Consumo Cíclico,Produtos Diversos
ANIM3,Ânima Educação,ANIMA HOLDING S.A.,Consumo Cíclico,Serviços Educacionais
ARML3,Armac,ARMAC LOCAÇÃO. LOGÍSTICA E SERVIÇOS S.A.,Bens Industriais,Máq. e Equip. Industriais
ASAI3,Assaí,SENDAS DISTRIBUIDORA S.A.,Consumo não Cíclico,Alimentos
ATMP3,Atma,ATMA PARTICIPAÇÕES S.A.,Bens Industriais,Serviços Diversos
AURE3,Auren Energia,AUREN ENERGIA S.A.,Utilidade Pública,Energia Elétrica
AVLL3,Alphaville,ALPHAVILLE S.A.,Consumo Cíclico,Incorporações
AZEV11,Azevedo & Travassos,AZEVEDO E TRAVASSOS S.A.,Bens Industriais,Construção Pesada
AZEV3,Azevedo & Travassos,AZEVEDO E TRAVASSOS S.A.,Bens Industriais,Construção Pesada
AZEV4,Azevedo & Travassos,AZEVEDO E TRAVASSOS S.A.,Bens Industriais,Construção Pesada
AZUL4,Azul,AZUL S.A.,Bens Industriais,Transporte Aéreo
AZZA3,Arezzo,AZZAS 2154 S.A.,Consumo Cíclico,Tecidos. Vestuário e Calçados
B3SA3,B3,B3 S.A. - BRASIL. BOLSA. BALCÃO,Financeiro,Serviços Financeiros Diversos
BALM4,Baumer,BAUMER S.A.,Saúde,Equipamentos
BAUH4,Excelsior,EXCELSIOR ALIMENTOS S.A.,Consumo não Cíclico,Carnes e Derivados
BAZA3,Banco da Amazônia,BCO AMAZONIA S.A.,Financeiro,Bancos
BBAS3,Banco do Brasil,BCO BRASIL S.A.,Financeiro,Bancos
BBDC3,Banco Bradesco,BCO BRADESCO S.A.,Financeiro,Bancos
BBDC4,Banco Bradesco,BCO BRADESCO S.A.,Financeiro,Bancos
BBSE3,BB Seguridade,BB SEGURIDADE PARTICIPAÇÕES S.A.,Financeiro,Seguradoras
BEEF3,Minerva,MINERVA S.A.,Consumo não Cíclico,Carnes e Derivados
BEES3,Banestes,BANESTES S.A. - BCO EST ESPIRITO SANTO,Financeiro,Bancos
BEES4,Banestes,BANESTES S.A. - BCO EST ESPIRITO SANTO,Financeiro,Bancos
BGIP3,Banese,BCO ESTADO DE SERGIPE S.A. - BANESE,Financeiro,Bancos
BGIP4,Banese,BCO ESTADO DE SERGIPE S.A. - BANESE,Financeiro,Bancos
BHIA3,Casas Bahia,GRUPO CASAS BAHIA S.A.,Consumo Cíclico,Eletrodomésticos
BIOM11,Biomm,BIOMM S.A.,Saúde,Medicamentos e Outros Produtos
BIOM3,Biomm,BIOMM S.A.,Saúde,Medicamentos e Outros Produtos
BLAU3,Blau Farmacêutica,BLAU FARMACÊUTICA S.A.,Saúde,Medicamentos e Outros Produtos
BMEB3,Banco Mercantil do Brasil,BCO MERCANTIL DO BRASIL S.A.,Financeiro,Bancos
BMEB4,Banco Mercantil do Brasil,BCO MERCANTIL DO BRASIL S.A.,Financeiro,Bancos
BMGB4,Banco BMG,BANCO BMG S.A.,Financeiro,Bancos
BMIN3,Banco Mercantil de Investimentos,BCO MERCANTIL DE INVESTIMENTOS S.A.,Financeiro,Bancos
BMIN4,Banco Mercantil de Investimentos,BCO MERCANTIL DE INVESTIMENTOS S.A.,Financeiro,Bancos
BMKS3,Monark,BICICLETAS MONARK S.A.,Consumo Cíclico,Bicicletas
BMOB3,Bemobi,BEMOBI MOBILE TECH S.A.,Tecnologia da Informação,Programas e Serviços
BNBR3,Banco do Nordeste,BCO NORDESTE DO BRASIL S.A.,Financeiro,Bancos
BOBR4,Bombril,BOMBRIL S.A.,Consumo não Cíclico,Produtos de Limpeza
BPAC11,Banco BTG Pactual,BCO BTG PACTUAL S.A.,Financeiro,Bancos
BPAC3,Banco BTG Pactual,BCO BTG PACTUAL S.A.,Financeiro,Bancos
BPAC5,Banco BTG Pactual,BCO BTG PACTUAL S.A.,Financeiro,Bancos
BPAN4,Banco Pan,BCO PAN S.A.,Financeiro,Bancos
BRAP3,Bradespar,BRADESPAR S.A.,Materiais Básicos,Minerais Metálicos
BRAP4,Bradespar,BRADESPAR S.A.,Materiais Básicos,Minerais Metálicos
BRAV3,3R Petroleum,BRAVA ENERGIA S.A.,Petróleo. Gás e Biocombustíveis,Exploração. Refino e Distribuição
BRBI11,BR Partners,BR ADVISORY PARTNERS PARTICIPAÇÕES S.A.,Financeiro,Bancos
BRFS3,BRF,BRF S.A.,Consumo não Cíclico,Carnes e Derivados
BRKM3,Braskem,BRASKEM S.A.,Materiais Básicos,Petroquímicos
BRKM5,Braskem,BRASKEM S.A.,Materiais Básicos,Petroquímicos
BRKM6,Braskem,BRASKEM S.A.,Materiais Básicos,Petroquímicos
BRSR3,Banrisul,BCO ESTADO DO RIO GRANDE DO SUL S.A.,Financeiro,Bancos
BRSR5,Banrisul,BCO ESTADO DO RIO GRANDE DO SUL S.A.,Financeiro,Bancos
BRSR6,Banrisul,BCO ESTADO DO RIO GRANDE DO SUL S.A.,Financeiro,Bancos
BRST3,Brisanet,BRISANET SERVIÇOS DE TELECOMUNICAÇÕES S.A.,Comunicações,Telecomunicações
BSLI3,Banco de Brasília,BRB BCO DE BRASILIA S.A.,Financeiro,Bancos
BSLI4,Banco de Brasília,BRB BCO DE BRASILIA S.A.,Financeiro,Bancos
CAMB3,Cambuci,CAMBUCI S.A.,Consumo Cíclico,Calçados
CAML3,Camil Alimentos,CAMIL ALIMENTOS S.A.,Consumo não Cíclico,Alimentos Diversos
CASH3,Méliuz,MÉLIUZ S.A.,Tecnologia da Informação,Programas e Serviços
CBAV3,CBA,COMPANHIA BRASILEIRA DE ALUMÍNIO,Materiais Básicos,Minerais Metálicos
CBEE3,Ampla Energia,AMPLA ENERGIA E SERVICOS S.A.,Utilidade Pública,Energia Elétrica
CCRO3,Grupo CCR,CCR S.A.,Bens Industriais,Exploração de Rodovias
CEAB3,C&A,CEA MODAS S.A.,Consumo Cíclico,Tecidos. Vestuário e Calçados
CEBR3,CEB,CIA ENERGETICA DE BRASILIA,Utilidade Pública,Energia Elétrica
CEBR5,CEB,CIA ENERGETICA DE BRASILIA,Utilidade Pública,Energia Elétrica
CEBR6,CEB,CIA ENERGETICA DE BRASILIA,Utilidade Pública,Energia Elétrica
CEDO3,Cedro Têxtil,CIA FIACAO TECIDOS CEDRO CACHOEIRA,Consumo Cíclico,Fios e Tecidos
CEDO4,Cedro Têxtil,CIA FIACAO TECIDOS CEDRO CACHOEIRA,Consumo Cíclico,Fios e Tecidos
CEEB3,COELBA,CIA ELETRICIDADE EST. DA BAHIA - COELBA,Utilidade Pública,Energia Elétrica
CGAS3,Comgás,CIA GAS DE SAO PAULO - COMGAS,Utilidade Pública,Gás
CGAS5,Comgás,CIA GAS DE SAO PAULO - COMGAS,Utilidade Pública,Gás
CGRA3,Grazziotin,GRAZZIOTIN S.A.,Consumo Cíclico,Tecidos. Vestuário e Calçados
CGRA4,Grazziotin,GRAZZIOTIN S.A.,Consumo Cíclico,Tecidos. Vestuário e Calçados
CLSA3,ClearSale,CLEAR SALE S.A.,Financeiro,Serviços Financeiros Diversos
CLSC3,Celesc,CENTRAIS ELET DE SANTA CATARINA S.A.,Utilidade Pública,Energia Elétrica
CLSC4,Celesc,CENTRAIS ELET DE SANTA CATARINA S.A.,Utilidade Pública,Energia Elétrica
CMIG3,Cemig,CIA ENERGETICA DE MINAS GERAIS - CEMIG,Utilidade Pública,Energia Elétrica
CMIG4,Cemig,CIA ENERGETICA DE MINAS GERAIS - CEMIG,Utilidade Pública,Energia Elétrica
CMIN3,CSN Mineração,CSN MINERAÇÃO S.A.,Materiais Básicos,Minerais Metálicos
COCE5,Coelce,CIA ENERGETICA DO CEARA - COELCE,Utilidade Pública,Energia Elétrica
COGN3,Cogna,COGNA EDUCAÇÃO S.A.,Consumo Cíclico,Serviços Educacionais
CPFE3,CPFL Energia,CPFL ENERGIA S.A.,Utilidade Pública,Energia Elétrica
CPLE3,Copel,CIA PARANAENSE DE ENERGIA - COPEL,Utilidade Pública,Energia Elétrica
CPLE5,Copel,CIA PARANAENSE DE ENERGIA - COPEL,Utilidade Pública,Energia Elétrica
CPLE6,Copel,CIA PARANAENSE DE ENERGIA - COPEL,Utilidade Pública,Energia Elétrica
CRFB3,Carrefour Brasil,ATACADÃO S.A.,Consumo não Cíclico,Alimentos
CRPG5,Tronox Pigmentos,TRONOX PIGMENTOS DO BRASIL S.A.,Materiais Básicos,Químicos Diversos
CRPG6,Tronox Pigmentos,TRONOX PIGMENTOS DO BRASIL S.A.,Materiais Básicos,Químicos Diversos
CSAN3,Cosan,COSAN S.A.,Petróleo. Gás e Biocombustíveis,Exploração. Refino e Distribuição
CSED3,Cruzeiro do Sul Educacional,CRUZEIRO DO SUL EDUCACIONAL S.A.,Consumo Cíclico,Serviços Educacionais
CSMG3,COPASA,CIA SANEAMENTO DE MINAS GERAIS-COPASA MG,Utilidade Pública,Água e Saneamento
CSNA3,Siderúrgica Nacional,CIA SIDERURGICA NACIONAL,Materiais Básicos,Siderurgia
CSUD3,CSU Cardsystem,CSU DIGITAL S.A.,Financeiro,Serviços Financeiros Diversos
CTKA3,Karsten,KARSTEN S.A.,Consumo Cíclico,Fios e Tecidos
CTKA4,Karsten,KARSTEN S.A.,Consumo Cíclico,Fios e Tecidos
CTSA3,Santanense,CIA TECIDOS SANTANENSE,Consumo Cíclico,Fios e Tecidos
CTSA4,Santanense,CIA TECIDOS SANTANENSE,Consumo Cíclico,Fios e Tecidos
CURY3,Cury,CURY CONSTRUTORA E INCORPORADORA S.A.,Consumo Cíclico,Incorporações
CVCB3,CVC,CVC BRASIL OPERADORA E AGÊNCIA DE VIAGENS S.A.,Consumo Cíclico,Viagens e Turismo
CXSE3,Caixa Seguridade,CAIXA SEGURIDADE PARTICIPAÇÕES S.A.,Financeiro,Seguradoras
CYRE3,Cyrela,CYRELA BRAZIL REALTY S.A.EMPREEND E PART,Consumo Cíclico,Incorporações
DASA11,DASA11,DIAGNOSTICOS DA AMERICA S.A.,Saúde,Serv.Méd.Hospit..Análises e Diagnósticos
DASA3,Dasa,DIAGNOSTICOS DA AMERICA S.A.,Saúde,Serv.Méd.Hospit..Análises e Diagnósticos
DESK3,Desktop,DESKTOP S.A.,Comunicações,Telecomunicações
DEXP3,Dexxos,DEXXOS PARTICIPACOES S.A.,Materiais Básicos,Petroquímicos
DEXP4,Dexxos,DEXXOS PARTICIPACOES S.A.,Materiais Básicos,Petroquímicos
DIRR3,Direcional,DIRECIONAL ENGENHARIA S.A.,Consumo Cíclico,Incorporações
DMVF3,D1000 Varejo Farma,D1000 VAREJO FARMA PARTICIPAÇÕES S.A.,Saúde,Medicamentos e Outros Produtos
DOHL4,Döhler,DOHLER S.A.,Consumo Cíclico,Fios e Tecidos
DOTZ3,Dotz,DOTZ S.A.,Consumo Cíclico,Programas de Fidelização
DTCY3,Dtcom,DTCOM - DIRECT TO COMPANY S.A.,Bens Industriais,Serviços Diversos
DXCO3,Dexco,DEXCO S.A.,Materiais Básicos,Madeira
EALT3,Electro Aço Altona,ELECTRO ACO ALTONA S.A.,Bens Industriais,Máq. e Equip. Industriais
EALT4,Electro Aço Altona,ELECTRO ACO ALTONA S.A.,Bens Industriais,Máq. e Equip. Industriais
ECOR3,EcoRodovias,ECORODOVIAS INFRAESTRUTURA E LOGÍSTICA S.A.,Bens Industriais,Exploração de Rodovias
EGIE3,Engie,ENGIE BRASIL ENERGIA S.A.,Utilidade Pública,Energia Elétrica
EKTR4,Elektro,ELEKTRO REDES S.A.,Utilidade Pública,Energia Elétrica
ELET3,Eletrobras,CENTRAIS ELET BRAS S.A. - ELETROBRAS,Utilidade Pública,Energia Elétrica
ELET5,Eletrobras,CENTRAIS ELET BRAS S.A. - ELETROBRAS,Utilidade Pública,Energia Elétrica
ELET6,Eletrobras,CENTRAIS ELET BRAS S.A. - ELETROBRAS,Utilidade Pública,Energia Elétrica
ELMD3,Eletromidia,ELETROMIDIA S.A.,Comunicações,Publicidade e Propaganda
EMAE4,EMAE,EMAE - EMPRESA METROP.AGUAS ENERGIA S.A.,Utilidade Pública,Energia Elétrica
EMBR3,Embraer,EMBRAER S.A.,Bens Industriais,Material Aeronáutico e de Defesa
ENEV3,Eneva,ENEVA S.A,Utilidade Pública,Energia Elétrica
ENGI11,Energisa,ENERGISA S.A.,Utilidade Pública,Energia Elétrica
ENGI3,Energisa,ENERGISA S.A.,Utilidade Pública,Energia Elétrica
ENGI4,Energisa,ENERGISA S.A.,Utilidade Pública,Energia Elétrica
ENJU3,Enjoei,ENJOEI S.A.,Tecnologia da Informação,Programas e Serviços
ENMT3,Energisa MT,ENERGISA MATO GROSSO-DISTRIBUIDORA DE ENERGIA S/A,Utilidade Pública,Energia Elétrica
EPAR3,Embpar Participações,EMBPAR PARTICIPACOES S.A.,Bens Industriais,Material de Transporte
EQMA3B,Equatorial Maranhão,EQUATORIAL MARANHÃO DISTRIBUIDORA DE ENERGIA S.A.,Utilidade Pública,Energia Elétrica
EQPA3,Equatorial Energia Pará,EQUATORIAL PARA DISTRIBUIDORA DE ENERGIA S.A.,Utilidade Pública,Energia Elétrica
EQTL3,Equatorial Energia,EQUATORIAL S.A.,Utilidade Pública,Energia Elétrica
ESPA3,Espaçolaser,MPM CORPÓREOS S.A.,Consumo Cíclico,Produtos Diversos
ESTR4,Estrela,MANUFATURA DE BRINQUEDOS ESTRELA S.A.,Consumo Cíclico,Brinquedos e Jogos
ETER3,Eternit,ETERNIT S.A.,Bens Industriais,Produtos para Construção
EUCA3,Eucatex,EUCATEX S.A. INDUSTRIA E COMERCIO,Materiais Básicos,Madeira
EUCA4,Eucatex,EUCATEX S.A. INDUSTRIA E COMERCIO,Materiais Básicos,Madeira
EVEN3,Even,EVEN CONSTRUTORA E INCORPORADORA S.A.,Consumo Cíclico,Incorporações
EZTC3,EZTEC,EZ TEC EMPREEND. E PARTICIPACOES S.A.,Consumo Cíclico,Incorporações
FESA3,Ferbasa,CIA FERRO LIGAS DA BAHIA - FERBASA,Materiais Básicos,Siderurgia
FESA4,Ferbasa,CIA FERRO LIGAS DA BAHIA - FERBASA,Materiais Básicos,Siderurgia
FHER3,Fertilizantes Heringer,FERTILIZANTES HERINGER S.A.,Materiais Básicos,Fertilizantes e Defensivos
FIEI3,Fica,FICA EMPREENDIMENTOS IMOBILIÁRIOS S.A,Consumo Cíclico,Incorporações
FIQE3,Unifique,UNIFIQUE TELECOMUNICAÇÕES S.A.,Comunicações,Telecomunicações
FLRY3,Fleury,FLEURY S.A.,Saúde,Serv.Méd.Hospit..Análises e Diagnósticos
FRAS3,Fras-le,FRAS-LE S.A.,Bens Industriais,Material Rodoviário
FRIO3,Metalfrio,METALFRIO SOLUTIONS S.A.,Bens Industriais,Máq. e Equip. Industriais
GEPA3,Rio Paranapanema Energia,RIO PARANAPANEMA ENERGIA S.A.,Utilidade Pública,Energia Elétrica
GEPA4,Rio Paranapanema Energia,RIO PARANAPANEMA ENERGIA S.A.,Utilidade Pública,Energia Elétrica
GFSA3,Gafisa,GAFISA S.A.,Consumo Cíclico,Incorporações
GGBR3,Gerdau,GERDAU S.A.,Materiais Básicos,Siderurgia
GGBR4,Gerdau,GERDAU S.A.,Materiais Básicos,Siderurgia
GGPS3,GPS,GPS PARTICIPACOES E EMPREENDIMENTOS S.A.,Bens Industriais,Serviços Diversos
GMAT3,Grupo Mateus,GRUPO MATEUS S.A.,Consumo não Cíclico,Alimentos
GOAU3,Metalúrgica Gerdau,METALURGICA GERDAU S.A.,Materiais Básicos,Siderurgia
GOAU4,Metalúrgica Gerdau,METALURGICA GERDAU S.A.,Materiais Básicos,Siderurgia
GOLL4,GOL,GOL LINHAS AEREAS INTELIGENTES S.A.,Bens Industriais,Transporte Aéreo
GPAR3,CELGPAR,CIA CELG DE PARTICIPACOES - CELGPAR,Utilidade Pública,Energia Elétrica
GRND3,Grendene,GRENDENE S.A.,Consumo Cíclico,Calçados
GSHP3,General Shopping & Outlets,GENERAL SHOPPING E OUTLETS DO BRASIL S.A.,Financeiro,Exploração de Imóveis
GUAR3,Guararapes,GUARARAPES CONFECCOES S.A.,Consumo Cíclico,Tecidos. Vestuário e Calçados
HAGA3,Haga,HAGA S.A. INDUSTRIA E COMERCIO,Bens Industriais,Produtos para Construção
HAGA4,Haga,HAGA S.A. INDUSTRIA E COMERCIO,Bens Industriais,Produtos para Construção
HAPV3,Hapvida,HAPVIDA PARTICIPACOES E INVESTIMENTOS SA,Saúde,Serv.Méd.Hospit..Análises e Diagnósticos
HBOR3,Helbor,HELBOR EMPREENDIMENTOS S.A.,Consumo Cíclico,Incorporações
HBRE3,HBR Realty,HBR REALTY EMPREENDIMENTOS IMOBILIARIOS S/A,Financeiro,Exploração de Imóveis
HBSA3,Hidrovias do Brasil,HIDROVIAS DO BRASIL S.A.,Bens Industriais,Transporte Hidroviário
HBTS5,Habitasul,CIA HABITASUL DE PARTICIPACOES,Financeiro,Exploração de Imóveis
HOOT4,Hotéis Othon,HOTEIS OTHON S.A.,Consumo Cíclico,Hotelaria
HYPE3,Hypera,HYPERA S.A.,Saúde,Medicamentos e Outros Produtos
IFCM3,Infracommerce,INFRACOMMERCE CXAAS S.A.,Tecnologia da Informação,Programas e Serviços
IGTI11,Jereissati Participações,IGUATEMI S.A.,Financeiro,Exploração de Imóveis
IGTI11,Iguatemi,IGUATEMI S.A.,Financeiro,Exploração de Imóveis
IGTI3,Iguatemi,IGUATEMI S.A.,Financeiro,Exploração de Imóveis
IGTI3,Jereissati Participações,IGUATEMI S.A.,Financeiro,Exploração de Imóveis
IGTI4,Iguatemi,IGUATEMI S.A.,Financeiro,Exploração de Imóveis
IGTI4,Jereissati Participações,IGUATEMI S.A.,Financeiro,Exploração de Imóveis
INEP3,Inepar,INEPAR S.A. INDUSTRIA E CONSTRUCOES,Bens Industriais,Máq. e Equip. Industriais
INEP4,Inepar,INEPAR S.A. INDUSTRIA E CONSTRUCOES,Bens Industriais,Máq. e Equip. Industriais
INTB3,Intelbras,Intelbras,Telecomunicações,Telecomunicações
IRBR3,IRB Brasil RE,IRB - BRASIL RESSEGUROS S.A.,Financeiro,Resseguradoras
ISAE3,ISA Energia,ISA ENERGIA BRASIL S.A,Utilidade Pública,Energia Elétrica
ISAE4,ISA Energia,ISA ENERGIA BRASIL S.A,Utilidade Pública,Energia Elétrica
ITSA3,Itaúsa,ITAUSA S.A.,Financeiro,Holdings Diversificadas
ITSA4,Itaúsa,ITAUSA S.A.,Financeiro,Holdings Diversificadas
ITUB3,Itaú Unibanco,ITAU UNIBANCO HOLDING S.A.,Financeiro,Bancos
ITUB4,Itaú Unibanco,ITAU UNIBANCO HOLDING S.A.,Financeiro,Bancos
JALL3,Jalles Machado,JALLES MACHADO S.A.,Consumo não Cíclico,Açucar e Alcool
JBSS3,JBS,JBS S.A.,Consumo não Cíclico,Carnes e Derivados
JFEN3,João Fortes,JOAO FORTES ENGENHARIA S.A.,Consumo Cíclico,Incorporações
JHSF3,JHSF,JHSF PARTICIPACOES S.A.,Consumo Cíclico,Incorporações
JOPA3,Josapar,JOSAPAR-JOAQUIM OLIVEIRA S.A. - PARTICIP,Consumo não Cíclico,Alimentos Diversos
JOPA4,Josapar,JOSAPAR-JOAQUIM OLIVEIRA S.A. - PARTICIP,Consumo não Cíclico,Alimentos Diversos
JSLG3,JSL,JSL S.A.,Bens Industriais,Transporte Rodoviário
KEPL3,Kepler Weber,KEPLER WEBER S.A.,Bens Industriais,Máq. e Equip. Industriais
KLBN11,Klabin,KLABIN S.A.,Materiais Básicos,Papel e Celulose
KLBN3,Klabin,KLABIN S.A.,Materiais Básicos,Papel e Celulose
KLBN4,Klabin,KLABIN S.A.,Materiais Básicos,Papel e Celulose
KRSA3,Kora Saúde,KORA SAÚDE PARTICIPAÇÕES S.A,Saúde,Serv.Méd.Hospit..Análises e Diagnósticos
LAND3,Terra Santa,TERRA SANTA PROPRIEDADES AGRICOLAS S.A.,Consumo não Cíclico,Agricultura
LAVV3,Lavvi Incorporadora,LAVVI EMPREENDIMENTOS IMOBILIÁRIOS S.A.,Consumo Cíclico,Incorporações
LEVE3,Mahle Metal Leve,MAHLE-METAL LEVE S.A.,Consumo Cíclico,Automóveis e Motocicletas
LIGT3,Light,LIGHT S.A.,Utilidade Pública,Energia Elétrica
LJQQ3,Lojas Quero-Quero,LOJAS QUERO-QUERO S/A,Consumo Cíclico,Produtos Diversos
LOGG3,LOG CP,LOG COMMERCIAL PROPERTIES,Financeiro,Exploração de Imóveis
LOGN3,Log-In,LOG-IN LOGISTICA INTERMODAL S.A.,Bens Industriais,Transporte Hidroviário
LPSB3,Lopes,LPS BRASIL - CONSULTORIA DE IMOVEIS S.A.,Financeiro,Intermediação Imobiliária
LREN3,Lojas Renner,LOJAS RENNER S.A.,Consumo Cíclico,Tecidos. Vestuário e Calçados
LUPA3,Lupatech,LUPATECH S.A.,Petróleo. Gás e Biocombustíveis,Equipamentos e Serviços
LUXM4,Trevisa,TREVISA INVESTIMENTOS S.A.,Bens Industriais,Transporte Hidroviário
LVTC3,WDC Networks,LIVETECH DA BAHIA INDUSTRIA E COMERCIO S/A,Tecnologia da Informação,Programas e Serviços
LWSA3,Locaweb,LWSA S.A.,Tecnologia da Informação,Programas e Serviços
MATD3,Mater Dei,HOSPITAL MATER DEI S/A,Saúde,Serv.Méd.Hospit..Análises e Diagnósticos
MBLY3,Mobly,MOBLY S.A.,Consumo Cíclico,Móveis
MDIA3,M. Dias Branco,M.DIAS BRANCO S.A. IND COM DE ALIMENTOS,Consumo não Cíclico,Alimentos Diversos
MDNE3,Moura Dubeux,MOURA DUBEUX ENGENHARIA S/A,Consumo Cíclico,Incorporações
MEAL3,IMC Alimentação,INTERNATIONAL MEAL COMPANY ALIMENTACAO S.A.,Consumo Cíclico,Restaurante e Similares
MELK3,Melnick,MELNICK DESENVOLVIMENTO IMOBILIÁRIO S.A.,Consumo Cíclico,Incorporações
MERC4,Mercantil do Brasil Financeira,MERCANTIL FINANCEIRA S.A.  CRED. FINANC. E INVEST,Financeiro,Soc. Crédito e Financiamento
MGEL4,Mangels,MANGELS INDUSTRIAL S.A.,Materiais Básicos,Artefatos de Ferro e Aço
MGLU3,Magazine Luiza,MAGAZINE LUIZA S.A.,Consumo Cíclico,Eletrodomésticos
MILS3,Mills,MILLS LOCAÇÃO. SERVIÇOS E LOGÍSTICA S.A,Bens Industriais,Máq. e Equip. Industriais
MLAS3,Multilaser,GRUPO MULTI S.A.,Tecnologia da Informação,Computadores e Equipamentos
MMAQ4,Minasmáquinas,MINASMAQUINAS S.A.,Bens Industriais,Material de Transporte
MNDL3,Mundial,MUNDIAL S.A. - PRODUTOS DE CONSUMO,Consumo Cíclico,Acessórios
MNPR3,Minupar,MINUPAR PARTICIPACOES S.A.,Consumo não Cíclico,Carnes e Derivados
MOVI3,Movida,MOVIDA PARTICIPACOES SA,Consumo Cíclico,Aluguel de carros
MRFG3,Marfrig,MARFRIG GLOBAL FOODS S.A.,Consumo não Cíclico,Carnes e Derivados
MRSA3B,MRS Logística,MRS LOGISTICA S.A.,Bens Industriais,Transporte Ferroviário
MRVE3,MRV,MRV ENGENHARIA E PARTICIPACOES S.A.,Consumo Cíclico,Incorporações
MTRE3,Mitre Realty,MITRE REALTY EMPREENDIMENTOS E PARTICIPAÇÕES S.A.,Consumo Cíclico,Incorporações
MTSA4,Metisa,METISA METALURGICA TIMBOENSE S.A.,Bens Industriais,Máq. e Equip. Construção e Agrícolas
MULT3,Multiplan,MULTIPLAN - EMPREEND IMOBILIARIOS S.A.,Financeiro,Exploração de Imóveis
MWET3,Wetzel,WETZEL S.A.,Bens Industriais,Material Rodoviário
MWET4,Wetzel,WETZEL S.A.,Bens Industriais,Material Rodoviário
MYPK3,Iochpe-Maxion,IOCHPE MAXION S.A.,Consumo Cíclico,Automóveis e Motocicletas
NEOE3,Neoenergia,NEOENERGIA S.A.,Utilidade Pública,Energia Elétrica
NEXP3,Brasil Brokers,NEXPE PARTICIPAÇÕES S.A,Financeiro,Intermediação Imobiliária
NGRD3,Neogrid,NEOGRID PARTICIPACOES S.A.,Tecnologia da Informação,Programas e Serviços
NINJ3,GetNinjas,REAG INVESTIMENTOS S.A.,Tecnologia da Informação,Programas e Serviços
NORD3,Nordon,NORDON INDUSTRIAS METALURGICAS S.A.,Bens Industriais,Máq. e Equip. Industriais
NTCO3,Natura,NATURA &CO HOLDING S.A.,Consumo não Cíclico,Produtos de Uso Pessoal
NUTR3,Nutriplant,NUTRIPLANT INDUSTRIA E COMERCIO S.A.,Materiais Básicos,Fertilizantes e Defensivos
ODPV3,Odontoprev,ODONTOPREV S.A.,Saúde,Serv.Méd.Hospit..Análises e Diagnósticos
OFSA3,Ourofino Saúde Animal,OUROFINO S.A.,Saúde,Medicamentos e Outros Produtos
OIBR3,Oi,OI S.A.,Comunicações,Telecomunicações
OIBR4,Oi,OI S.A.,Comunicações,Telecomunicações
ONCO3,Oncoclínicas,ONCOCLINICAS DO BRASIL SERVICOS MEDICOS S.A.,Saúde,Serv.Méd.Hospit..Análises e Diagnósticos
OPCT3,OceanPact,OCEANPACT SERVICOS MARITIMOS S.A.,Petróleo. Gás e Biocombustíveis,Equipamentos e Serviços
ORVR3,Orizon,ORIZON VALORIZACAO DE RESIDUOS S.A.,Utilidade Pública,Água e Saneamento
OSXB3,OSX Brasil,OSX BRASIL S.A.,Petróleo. Gás e Biocombustíveis,Equipamentos e Serviços
PATI3,Panatlântica,PANATLANTICA S.A.,Materiais Básicos,Artefatos de Ferro e Aço
PATI4,Panatlântica,PANATLANTICA S.A.,Materiais Básicos,Artefatos de Ferro e Aço
PCAR3,Grupo Pão de Açúcar,CIA BRASILEIRA DE DISTRIBUICAO,Consumo não Cíclico,Alimentos
PDGR3,PDG Realty,PDG REALTY S.A. EMPREEND E PARTICIPACOES,Consumo Cíclico,Incorporações
PDTC3,Padtec,PADTEC HOLDING S.A.,Tecnologia da Informação,Programas e Serviços
PEAB3,Participações Aliança da Bahia,CIA PARTICIPACOES ALIANCA DA BAHIA,Financeiro,Exploração de Imóveis
PEAB4,Participações Aliança da Bahia,CIA PARTICIPACOES ALIANCA DA BAHIA,Financeiro,Exploração de Imóveis
PETR3,Petrobras,PETROLEO BRASILEIRO S.A. PETROBRAS,Petróleo. Gás e Biocombustíveis,Exploração. Refino e Distribuição
PETR4,Petrobras,PETROLEO BRASILEIRO S.A. PETROBRAS,Petróleo. Gás e Biocombustíveis,Exploração. Refino e Distribuição
PETZ3,Petz,PET CENTER COMERCIO E PARTICIPACOES S.A.,Consumo Cíclico,Produtos Diversos
PFRM3,Profarma,PROFARMA DISTRIB PROD FARMACEUTICOS S.A.,Saúde,Medicamentos e Outros Produtos
PGMN3,Pague Menos,EMPREENDIMENTOS PAGUE MENOS S.A.,Saúde,Medicamentos e Outros Produtos
PINE11,Banco Pine,BCO PINE S.A.,Financeiro,Bancos
PINE3,Banco Pine,BCO PINE S.A.,Financeiro,Bancos
PINE4,Banco Pine,BCO PINE S.A.,Financeiro,Bancos
PLAS3,Plascar,PLASCAR PARTICIPACOES INDUSTRIAIS S.A.,Consumo Cíclico,Automóveis e Motocicletas
PLPL3,Plano&Plano,PLANO & PLANO DESENVOLVIMENTO IMOBILIÁRIO S.A.,Consumo Cíclico,Incorporações
PMAM3,Paranapanema,PARANAPANEMA S.A.,Materiais Básicos,Artefatos de Cobre
PNVL3,Dimed,DIMED S.A. DISTRIBUIDORA DE MEDICAMENTOS,Saúde,Medicamentos e Outros Produtos
POMO3,Marcopolo,MARCOPOLO S.A.,Bens Industriais,Material Rodoviário
POMO4,Marcopolo,MARCOPOLO S.A.,Bens Industriais,Material Rodoviário
PORT3,Wilson Sons,WILSON SONS S.A.,Bens Industriais,Serviços de Apoio e Armazenagem
POSI3,Positivo,POSITIVO TECNOLOGIA S.A.,Tecnologia da Informação,Computadores e Equipamentos
PPLA11,PPLA,PPLA PARTICIPATIONS LTD.,Financeiro,Gestão de Recursos e Investimentos
PRIO3,PetroRio,PRIO S.A.,Petróleo. Gás e Biocombustíveis,Exploração. Refino e Distribuição
PRNR3,Priner,PRINER SERVIÇOS INDUSTRIAIS S.A.,Bens Industriais,Serviços Diversos
PSSA3,Porto Seguro,PORTO SEGURO S.A.,Financeiro,Seguradoras
PSVM11,PORTO VM,PORTO SUDESTE V.M. S.A.,Bens Industriais,Serviços de Apoio e Armazenagem
PTBL3,Portobello,PBG S/A,Bens Industriais,Produtos para Construção
PTNT3,Pettenati,PETTENATI S.A. INDUSTRIA TEXTIL,Consumo Cíclico,Fios e Tecidos
PTNT4,Pettenati,PETTENATI S.A. INDUSTRIA TEXTIL,Consumo Cíclico,Fios e Tecidos
QUAL3,Qualicorp,QUALICORP CONSULTORIA E CORRETORA DE SEGUROS S.A.,Saúde,Serv.Méd.Hospit..Análises e Diagnósticos
RADL3,RaiaDrogasil,RAIA DROGASIL S.A.,Saúde,Medicamentos e Outros Produtos
RAIL3,Rumo,RUMO S.A.,Bens Industriais,Transporte Ferroviário
RAIZ4,Raízen,RAIZEN S.A.,Petróleo. Gás e Biocombustíveis,Exploração. Refino e Distribuição
RANI3,Irani,IRANI PAPEL E EMBALAGEM S.A.,Materiais Básicos,Embalagens
RAPT3,Randon,RANDON S.A. IMPLEMENTOS E PARTICIPACOES,Bens Industriais,Material Rodoviário
RAPT4,Randon,RANDON S.A. IMPLEMENTOS E PARTICIPACOES,Bens Industriais,Material Rodoviário
RCSL3,Recrusul,RECRUSUL S.A.,Bens Industriais,Material Rodoviário
RCSL4,Recrusul,RECRUSUL S.A.,Bens Industriais,Material Rodoviário
RDNI3,RNI,RNI NEGÓCIOS IMOBILIÁRIOS S.A.,Consumo Cíclico,Incorporações
RDOR3,Rede D'Or,REDE DOR SÃO LUIZ S.A.,Saúde,Serv.Méd.Hospit..Análises e Diagnósticos
RECV3,PetroRecôncavo,PETRORECÔNCAVO S.A.,Petróleo. Gás e Biocombustíveis,Exploração. Refino e Distribuição
REDE3,Rede Energia,REDE ENERGIA PARTICIPAÇÕES S.A.,Utilidade Pública,Energia Elétrica
RENT3,Localiza,LOCALIZA RENT A CAR S.A.,Consumo Cíclico,Aluguel de carros
RNEW11,Renova Energia,RENOVA ENERGIA S.A.,Utilidade Pública,Energia Elétrica
RNEW3,Renova Energia,RENOVA ENERGIA S.A.,Utilidade Pública,Energia Elétrica
RNEW4,Renova Energia,RENOVA ENERGIA S.A.,Utilidade Pública,Energia Elétrica
ROMI3,Indústrias ROMI,ROMI S.A.,Bens Industriais,Máq. e Equip. Industriais
RPAD3,Alfa Holdings,ALFA HOLDINGS S.A.,Financeiro,Bancos
RPAD5,Alfa Holdings,ALFA HOLDINGS S.A.,Financeiro,Bancos
RPMG3,Refinaria de Manguinhos,REFINARIA DE PETROLEOS MANGUINHOS S.A.,Petróleo. Gás e Biocombustíveis,Exploração. Refino e Distribuição
RSID3,Rossi Residencial,ROSSI RESIDENCIAL S.A.,Consumo Cíclico,Incorporações
RSUL4,Metalúrgica Riosulense,METALURGICA RIOSULENSE S.A.,Bens Industriais,Material Rodoviário
SANB11,Banco Santander,BCO SANTANDER (BRASIL) S.A.,Financeiro,Bancos
SANB3,Banco Santander,BCO SANTANDER (BRASIL) S.A.,Financeiro,Bancos
SANB4,Banco Santander,BCO SANTANDER (BRASIL) S.A.,Financeiro,Bancos
SAPR11,Sanepar,CIA SANEAMENTO DO PARANA - SANEPAR,Utilidade Pública,Água e Saneamento
SAPR3,Sanepar,CIA SANEAMENTO DO PARANA - SANEPAR,Utilidade Pública,Água e Saneamento
SAPR4,Sanepar,CIA SANEAMENTO DO PARANA - SANEPAR,Utilidade Pública,Água e Saneamento
SBFG3,Grupo SBF,GRUPO SBF SA,Consumo Cíclico,Produtos Diversos
SBSP3,Sabesp,CIA SANEAMENTO BASICO EST SAO PAULO,Utilidade Pública,Água e Saneamento
SCAR3,São Carlos,SAO CARLOS EMPREEND E PARTICIPACOES S.A.,Financeiro,Exploração de Imóveis
SEER3,Ser Educacional,SER EDUCACIONAL S.A.,Consumo Cíclico,Serviços Educacionais
SEQL3,Sequoia Logística,SEQUOIA LOGISTICA E TRANSPORTES S.A,Bens Industriais,Serviços Diversos
SHOW3,Time For Fun,T4F ENTRETENIMENTO S.A.,Consumo Cíclico,Produção de Eventos e Shows
SHUL4,Schulz,SCHULZ S.A.,Bens Industriais,Motores . Compressores e Outros
SIMH3,Simpar,SIMPAR S.A.,Financeiro,Holdings Diversificadas
SLCE3,SLC Agrícola,SLC AGRICOLA S.A.,Consumo não Cíclico,Agricultura
SMFT3,Smart Fit,SMARTFIT ESCOLA DE GINÁSTICA E DANÇA S.A.,Consumo Cíclico,Atividades Esportivas
SMTO3,São Martinho,SAO MARTINHO S.A.,Consumo não Cíclico,Açucar e Alcool
SNSY3,Sansuy,SANSUY S.A. INDUSTRIA DE PLASTICOS,Materiais Básicos,Materiais Diversos
SNSY5,Sansuy,SANSUY S.A. INDUSTRIA DE PLASTICOS,Materiais Básicos,Materiais Diversos
SOJA3,Boa Safra Sementes,BOA SAFRA SEMENTES S.A.,Consumo não Cíclico,Agricultura
SOND6,Sondotécnica,SONDOTECNICA ENGENHARIA SOLOS S.A.,Bens Industriais,Engenharia Consultiva
SRNA3,Serena Energia,SERENA ENERGIA S.A.,Utilidade Pública,Energia Elétrica
STBP3,Santos Brasil,SANTOS BRASIL PARTICIPACOES S.A.,Bens Industriais,Serviços de Apoio e Armazenagem
SUZB3,Suzano,SUZANO S.A.,Materiais Básicos,Papel e Celulose
SYNE3,SYN,SYN PROP E TECH S.A.,Financeiro,Exploração de Imóveis
TAEE11,Taesa,TRANSMISSORA ALIANÇA DE ENERGIA ELÉTRICA S.A.,Utilidade Pública,Energia Elétrica
TAEE3,Taesa,TRANSMISSORA ALIANÇA DE ENERGIA ELÉTRICA S.A.,Utilidade Pública,Energia Elétrica
TAEE4,Taesa,TRANSMISSORA ALIANÇA DE ENERGIA ELÉTRICA S.A.,Utilidade Pública,Energia Elétrica
TASA3,Taurus,TAURUS ARMAS S.A.,Bens Industriais,Armas e Munições
TASA4,Taurus,TAURUS ARMAS S.A.,Bens Industriais,Armas e Munições
TCSA3,Tecnisa,TECNISA S.A.,Consumo Cíclico,Incorporações
TECN3,Technos,TECHNOS S.A.,Consumo Cíclico,Acessórios
TEKA4,Teka,TEKA-TECELAGEM KUEHNRICH S.A.,Consumo Cíclico,Fios e Tecidos
TELB3,Telebras,TELEC BRASILEIRAS S.A. TELEBRAS,Comunicações,Telecomunicações
TELB4,Telebras,TELEC BRASILEIRAS S.A. TELEBRAS,Comunicações,Telecomunicações
TEND3,Construtora Tenda,CONSTRUTORA TENDA S.A.,Consumo Cíclico,Incorporações
TFCO4,Track & Field,TRACK & FIELD CO S.A.,Consumo Cíclico,Vestuário
TGMA3,Tegma,TEGMA GESTAO LOGISTICA S.A.,Bens Industriais,Transporte Rodoviário
TIMS3,TIM,TIM S.A.,Comunicações,Telecomunicações
TKNO3,Tekno,TEKNO S.A. - INDUSTRIA E COMERCIO,Materiais Básicos,Artefatos de Ferro e Aço
TKNO4,Tekno,TEKNO S.A. - INDUSTRIA E COMERCIO,Materiais Básicos,Artefatos de Ferro e Aço
TOTS3,Totvs,TOTVS S.A.,Tecnologia da Informação,Programas e Serviços
TPIS3,Triunfo,TPI - TRIUNFO PARTICIP. E INVEST. S.A.,Bens Industriais,Exploração de Rodovias
TRAD3,Traders Club,TC S.A.,Tecnologia da Informação,Programas e Serviços
TRIS3,Trisul,TRISUL S.A.,Consumo Cíclico,Incorporações
TTEN3,3tentos,TRÊS TENTOS AGROINDUSTRIAL S/A,Consumo não Cíclico,Agricultura
TUPY3,Tupy,TUPY S.A.,Bens Industriais,Material Rodoviário
UCAS3,Unicasa,UNICASA INDÚSTRIA DE MÓVEIS S.A.,Consumo Cíclico,Móveis
UGPA3,Ultrapar,ULTRAPAR PARTICIPACOES S.A.,Petróleo. Gás e Biocombustíveis,Exploração. Refino e Distribuição
UNIP3,Unipar,UNIPAR CARBOCLORO S.A.,Materiais Básicos,Químicos Diversos
UNIP5,Unipar,UNIPAR CARBOCLORO S.A.,Materiais Básicos,Químicos Diversos
UNIP6,Unipar,UNIPAR CARBOCLORO S.A.,Materiais Básicos,Químicos Diversos
USIM3,Usiminas,USINAS SID DE MINAS GERAIS S.A.-USIMINAS,Materiais Básicos,Siderurgia
USIM5,Usiminas,USINAS SID DE MINAS GERAIS S.A.-USIMINAS,Materiais Básicos,Siderurgia
VALE3,Vale,VALE S.A.,Materiais Básicos,Minerais Metálicos
VAMO3,Grupo Vamos,VAMOS LOCAÇÃO DE CAMINHÕES. MÁQUINAS E EQUIP. S.A.,Consumo Cíclico,Aluguel de carros
VBBR3,Vibra Energia,VIBRA ENERGIA S.A.,Petróleo. Gás e Biocombustíveis,Exploração. Refino e Distribuição
VITT3,Vittia,VITTIA S.A.,Materiais Básicos,Fertilizantes e Defensivos
VIVA3,Vivara,VIVARA PARTICIPAÇOES S.A,Consumo Cíclico,Acessórios
VIVR3,Viver,VIVER INCORPORADORA E CONSTRUTORA S.A.,Consumo Cíclico,Incorporações
VIVT3,Vivo,TELEFÔNICA BRASIL S.A,Comunicações,Telecomunicações
VLID3,Valid,VALID SOLUÇÕES S.A.,Bens Industriais,Serviços Diversos
VSTE3,LE LIS BLANC,VESTE S.A. ESTILO,Consumo Cíclico,Tecidos. Vestuário e Calçados
VTRU3,VITRUBREPCOM,VITRU BRASIL EMPREEND. PARTICIP. E COMERCIO S.A.,Consumo Cíclico,Serviços Educacionais
VULC3,Vulcabras,VULCABRAS S.A.,Consumo Cíclico,Calçados
VVEO3,Viveo,CM HOSPITALAR S.A.,Saúde,Medicamentos e Outros Produtos
WEGE3,WEG,WEG S.A.,Bens Industriais,Motores . Compressores e Outros
WEST3,Westwing,WESTWING COMERCIO VAREJISTA S.A.,Consumo Cíclico,Móveis
WHRL3,Whirlpool,WHIRLPOOL S.A.,Consumo Cíclico,Eletrodomésticos
WHRL4,Whirlpool,WHIRLPOOL S.A.,Consumo Cíclico,Eletrodomésticos
WIZC3,Wiz Soluções,WIZ CO PARTICIPAÇÕES E CORRETAGEM DE SEGUROS S.A.,Financeiro,Corretoras de Seguros e Resseguros
WLMM3,WLM,WLM PART. E COMÉRCIO DE MÁQUINAS E VEÍCULOS S.A.,Bens Industriais,Material de Transporte
WLMM4,WLM,WLM PART. E COMÉRCIO DE MÁQUINAS E VEÍCULOS S.A.,Bens Industriais,Material de Transporte
YDUQ3,YDUQS,YDUQS PARTICIPACOES S.A.,Consumo Cíclico,Serviços Educacionais
ZAMP3,Zamp,ZAMP S.A.,Consumo Cíclico,Restaurante e Similares
